{"cameraMode":{"drawMode":0,"name":"Shaded","section":"Shading Mode"},"sceneLighting":true,"audioPlay":false,"sceneViewState":{"showFog":true,"showMaterialUpdate":false,"showSkybox":true,"showFlares":true,"showImageEffects":true,"showParticleSystems":true},"in2DMode":false,"pivot":{"x":-622.0897216796875,"y":30.897552490234376,"z":179.96958923339845},"rotation":{"x":-0.4695903956890106,"y":0.03758719563484192,"z":-0.02001785859465599,"w":-0.8818567991256714},"size":518.6060180664063,"orthographic":false}